age,sex,bmi,children,smoker,region,expenses
26,male,32.5,1,no,northeast,3490.55
26,female,22.6,0,no,northwest,3176.82
18,male,17.3,2,yes,northeast,12829.46
32,male,28.9,0,no,northwest,3866.86
42,female,33.2,1,no,northeast,7639.42
61,male,38.4,0,no,northwest,12950.07
58,female,32.4,1,no,northeast,13019.16
22,male,26.8,0,no,southeast,1665.0
22,male,33.8,0,no,southeast,1674.63
18,female,31.1,0,no,southeast,1621.88
19,female,32.1,0,no,northwest,2130.68
55,female,40.8,3,no,southeast,12485.8
22,male,25.2,0,no,northwest,2045.69
59,male,26.4,0,no,southeast,11743.3
51,female,33.9,0,no,northeast,9866.3
63,female,35.2,1,no,southeast,14474.68
49,male,28.7,1,no,southwest,8703.46
59,female,27.8,3,no,southeast,14001.29
35,female,34.8,1,no,southwest,5246.05
19,male,30.6,0,no,northwest,1639.56
52,female,23.2,0,no,northeast,10197.77
32,female,24.6,0,yes,southwest,17496.31
48,male,29.6,0,no,southwest,21232.18
46,male,33.4,1,no,northeast,8334.59
41,female,33.1,2,no,northwest,7749.16
53,male,21.4,1,no,southwest,10065.41
44,male,34.3,1,no,southeast,7147.47
60,male,29.6,0,no,northeast,12731.0
28,male,29.3,2,no,northeast,4438.26
45,male,27.5,3,no,southwest,8615.3
28,female,17.3,0,no,northeast,3732.63
56,male,34.4,0,no,southeast,10594.23
56,male,33.6,0,yes,northwest,43921.18
37,female,26.4,0,yes,southeast,19539.24
20,female,28.8,0,no,northeast,2457.21
54,female,23.0,3,no,southwest,12094.48
55,male,38.3,0,no,southeast,10226.28
63,female,36.3,0,no,southeast,13887.2
57,male,34.0,0,no,northwest,11356.66
20,male,32.4,1,no,northwest,2362.23
58,female,27.2,0,no,northwest,12222.9
50,male,25.3,0,no,southeast,8442.67
25,female,26.8,2,no,northwest,4189.11
48,female,22.8,0,no,southwest,8269.04
44,male,30.2,2,yes,southwest,38998.55
19,female,29.8,0,no,southwest,1744.47
49,female,27.2,0,no,southeast,8601.33
38,male,38.4,3,yes,southeast,41949.24
33,male,27.1,1,yes,southwest,19040.88
39,male,28.3,1,yes,southwest,21082.16
18,male,25.5,0,no,northeast,1708.0
56,male,33.7,4,no,southeast,12949.16
63,male,33.1,0,no,southwest,13393.76
23,female,42.8,1,yes,northeast,40904.2
32,male,30.8,3,no,southwest,5253.52
37,male,29.8,0,no,southwest,20420.6
45,female,33.1,0,no,southwest,7345.08
48,male,29.7,0,no,southeast,7789.64
62,female,26.3,0,yes,southeast,27808.73
55,female,29.8,0,no,northeast,11286.54
28,female,23.8,2,no,northwest,4719.74
56,male,20.0,0,yes,northeast,22412.65
19,female,23.4,2,no,southwest,2913.57
51,female,25.8,1,no,southwest,9861.03
47,male,32.3,1,no,southwest,8062.76
38,female,34.8,2,no,southwest,6571.54
51,male,37.0,0,no,southwest,8798.59
23,male,32.6,0,no,southeast,1824.29
37,female,30.8,0,yes,northeast,37270.15
46,male,25.8,5,no,southwest,10096.97
62,male,32.1,0,no,northeast,13555.0
55,male,30.7,0,yes,northeast,42303.69
48,male,37.3,2,no,southeast,8978.19
51,female,40.7,0,no,northeast,9875.68
20,male,27.9,0,no,northeast,1967.02
53,male,24.3,0,no,northwest,9863.47
51,male,22.4,0,no,northeast,9361.33
31,male,27.6,2,no,northeast,5031.27
60,male,40.9,0,yes,southeast,48673.56
41,male,34.2,2,no,northwest,7261.74
23,female,36.7,2,yes,northeast,38511.63
53,female,22.9,1,yes,southeast,23244.79
20,female,37.0,5,no,southwest,4830.63
55,female,33.5,2,no,northwest,12269.69
32,female,41.1,0,no,southwest,3989.84
28,female,26.3,3,no,northwest,5312.17
42,female,29.0,1,no,southwest,7050.64
60,female,30.5,0,no,southwest,12638.2
43,female,34.6,1,no,northwest,7727.25
30,female,22.9,1,no,northeast,4719.52
29,male,29.7,2,no,northwest,18157.88
52,female,31.2,0,no,southwest,9625.92
52,male,47.7,1,no,southeast,9748.91
18,female,30.1,0,no,northeast,21344.85
23,male,50.4,1,no,southeast,2438.06
55,female,32.8,2,no,northwest,12268.63
63,male,31.4,0,no,northeast,13974.46
33,male,42.5,1,no,southeast,11326.71
37,female,27.7,3,no,northwest,7281.51
46,male,22.3,0,no,southwest,7147.11
58,male,30.3,0,no,northeast,11938.26
24,female,34.0,0,no,southeast,2473.33
26,female,29.6,4,no,northeast,24671.66
39,female,34.1,3,no,southwest,7418.52
61,female,29.1,0,yes,northwest,29141.36
43,female,46.2,0,yes,southeast,45863.21
39,male,35.3,2,yes,southwest,40103.89
52,male,36.8,2,no,northwest,26467.1
24,female,30.1,3,no,southwest,4234.93
60,female,35.1,0,no,southwest,12644.59
20,male,30.1,5,no,northeast,4915.06
63,male,35.1,0,yes,southeast,47055.53
42,male,28.3,3,yes,northwest,32787.46
60,female,24.5,0,no,southeast,12629.9
18,male,31.7,0,yes,northeast,33732.69
38,male,27.8,2,no,northwest,6455.86
38,female,27.6,0,no,southwest,5383.54
54,male,31.6,0,no,southwest,9850.43
61,female,31.2,0,no,northwest,13429.04
44,female,26.4,0,no,northwest,7419.48
29,female,25.6,4,no,southwest,5708.87
29,male,22.9,0,yes,northeast,16138.76
53,female,35.9,2,no,southwest,11163.57
54,female,31.9,1,no,southeast,10928.85
37,male,34.2,1,yes,northeast,39047.29
36,female,26.2,0,no,southwest,4883.87
30,male,38.8,1,no,southeast,18963.17
38,female,40.2,0,no,southeast,5400.98
19,male,30.4,0,no,southwest,1256.3
19,female,28.9,0,no,southwest,1743.21
54,female,30.8,3,no,southwest,12105.32
51,female,34.1,0,no,southeast,9283.56
43,female,32.6,3,yes,southeast,40941.29
19,male,27.6,0,no,southwest,1252.41
49,male,29.8,1,no,northeast,9288.03
48,female,28.9,1,no,northwest,9249.5
55,male,21.5,1,no,southwest,10791.96
47,female,36.0,1,no,southwest,8556.91
45,female,38.3,0,no,northeast,7935.29
47,female,24.3,0,no,northeast,8534.67
23,male,31.7,3,yes,northeast,36189.1
58,female,36.5,0,no,northwest,12235.84
49,female,34.8,1,no,northwest,9583.89
64,female,33.8,1,yes,southwest,47928.03
30,male,25.5,0,no,northeast,3645.09
39,male,21.9,1,no,northwest,6117.49
22,male,35.6,0,yes,southwest,35585.58
53,male,28.6,3,no,southwest,11253.42
31,male,34.4,3,yes,northwest,38746.36
20,female,22.4,0,yes,northwest,14711.74
50,female,44.7,0,no,northeast,9541.7
33,male,22.7,0,no,northwest,21984.47
45,female,36.3,2,no,southeast,8527.53
19,male,34.4,0,no,southwest,1261.86
18,female,30.1,0,no,northeast,2203.47
18,male,33.7,0,no,southeast,1136.4
29,female,29.6,1,no,southeast,3947.41
49,female,27.1,1,no,southwest,26140.36
50,male,32.3,2,no,southwest,9630.4
57,male,28.1,0,no,southwest,10965.45
50,female,26.2,2,no,northwest,10493.95
59,female,27.7,3,no,southeast,14001.13
18,female,39.2,0,no,southeast,1633.04
20,male,27.3,0,yes,southwest,16232.85
21,female,17.4,1,no,southwest,2585.27
42,female,23.4,0,yes,northeast,19964.75
32,female,31.5,1,no,northeast,5148.55
37,male,46.5,3,no,southeast,6435.62
62,female,31.7,0,no,northeast,14043.48
18,female,28.2,0,no,northeast,2200.83
48,male,24.4,0,yes,southeast,21223.68
64,male,24.7,1,no,northwest,30166.62
36,female,22.6,2,yes,southwest,18608.26
40,male,26.3,1,no,northwest,6389.38
22,male,31.4,1,no,northwest,2643.27
55,male,33.9,3,no,southeast,11987.17
39,female,24.9,3,yes,northeast,21659.93
33,female,19.1,2,yes,northeast,16776.3
41,female,31.6,0,no,southwest,6186.13
18,female,38.3,0,no,southeast,14133.04
21,male,31.3,0,no,northwest,1909.53
20,male,33.0,1,no,southwest,1980.07
32,male,33.8,1,no,northwest,4462.72
56,female,35.8,1,no,southwest,11674.13
49,male,22.5,0,no,northeast,8688.86
26,male,23.7,2,no,southwest,3484.33
30,male,27.6,1,no,northeast,4237.13
18,male,26.2,2,no,southeast,2304.0
18,female,26.7,0,no,southeast,1615.77
18,male,41.1,0,no,southeast,1146.8
51,female,34.2,1,no,southwest,9872.7
60,female,38.1,0,no,southeast,12648.7
63,female,25.1,0,no,northwest,14254.61
61,male,32.3,2,no,northwest,14119.62
18,male,26.1,0,no,northeast,1708.93
19,male,20.9,1,no,southwest,1832.09
34,male,34.7,0,no,northeast,4518.83
30,male,35.3,0,yes,southwest,36837.47
51,male,25.4,0,no,southwest,8782.47
48,female,33.1,0,yes,southeast,40974.16
19,male,34.8,0,yes,southwest,34779.62
36,female,27.7,0,no,northeast,5469.01
52,male,32.2,3,no,northeast,11488.32
20,male,35.3,1,no,southeast,27724.29
54,male,40.6,3,yes,northeast,48549.18
46,female,23.7,1,yes,northwest,21677.28
41,male,28.4,1,no,northwest,6664.69
54,male,39.6,1,no,southwest,10450.55
53,male,31.4,0,no,southeast,27346.04
38,female,27.3,1,no,northeast,6555.07
31,male,36.3,2,yes,southwest,38711.0
32,male,31.5,1,no,southwest,4076.5
35,male,34.3,3,no,southeast,5934.38
24,female,20.5,0,yes,northeast,14571.89
54,male,25.1,3,yes,southwest,25382.3
53,male,26.4,2,no,northeast,11244.38
28,male,30.9,0,no,northwest,3062.51
25,male,23.9,5,no,southwest,5080.1
63,male,30.8,0,no,southwest,13390.56
64,male,39.2,1,no,southeast,14418.28
31,male,38.4,2,no,southeast,4463.21
22,female,31.0,3,yes,southeast,35595.59
47,male,29.8,3,no,northwest,9620.33
49,male,28.7,3,no,northwest,10264.44
44,male,29.7,2,no,northeast,32108.66
44,male,21.9,3,no,northeast,8891.14
30,female,32.4,1,no,southwest,4149.74
31,male,20.4,0,no,southwest,3260.2
37,female,47.6,2,yes,southwest,46113.51
46,male,40.4,2,no,northwest,8733.23
48,male,30.8,3,no,northeast,10141.14
37,female,29.5,2,no,southwest,6311.95
44,male,25.4,1,no,northwest,7518.03
63,female,31.8,0,no,southwest,13880.95
57,female,29.8,0,yes,southeast,27533.91
29,male,31.7,2,no,northwest,4433.39
59,male,25.5,0,no,northwest,12124.99
19,male,34.9,0,yes,southwest,34828.65
23,male,34.4,0,no,southwest,1826.84
34,male,22.4,2,no,northeast,27375.9
23,female,23.2,2,no,northwest,14426.07
27,male,18.9,3,no,northeast,4827.9
20,female,30.6,0,no,northeast,2459.72
23,male,24.5,0,no,northeast,2396.1
40,male,19.8,1,yes,southeast,17179.52
47,male,36.2,0,yes,southeast,41676.08
45,female,30.5,1,yes,northwest,39725.52
22,female,36.0,0,no,southwest,2166.73
41,male,37.1,2,no,northwest,7265.7
24,male,28.5,2,no,northwest,3537.7
54,female,32.7,0,no,northeast,10923.93
37,female,34.8,2,yes,southwest,39836.52
19,male,20.3,0,no,southwest,1242.26
28,female,33.4,0,no,southwest,3172.02
29,female,32.1,2,no,northwest,4922.92
27,male,23.1,0,no,southeast,2483.74
21,female,33.6,2,no,northwest,3579.83
32,male,30.0,1,no,southeast,4074.45
24,male,25.8,0,no,southwest,1972.95
32,female,17.8,2,yes,northwest,32734.19
25,male,30.6,0,no,northeast,2727.4
32,male,28.9,1,yes,southeast,19719.69
47,male,28.2,4,no,northeast,10407.09
43,male,27.4,3,no,northeast,8606.22
61,female,29.9,3,yes,southeast,30942.19
43,female,29.9,1,no,southwest,7337.75
59,female,32.1,3,no,southwest,14007.22
19,male,35.4,0,no,southwest,1263.25
18,female,27.3,3,yes,southeast,18223.45
60,female,32.5,0,yes,southeast,45008.96
55,female,27.0,0,no,northwest,11082.58
19,male,21.8,0,no,northwest,1627.28
26,female,29.5,1,no,southeast,3392.37
43,female,30.7,2,no,northwest,8310.84
23,female,34.9,0,no,northeast,2899.49
53,female,24.8,1,no,northwest,10942.13
51,male,32.3,1,no,northeast,9964.06
41,male,28.8,1,no,southwest,6282.24
18,female,33.2,0,no,northeast,2207.7
64,female,31.8,2,no,northeast,16069.08
59,male,28.8,0,no,northwest,12129.61
37,male,29.6,0,no,northwest,5028.15
28,male,33.0,3,no,southeast,4449.46
34,female,31.9,1,yes,northeast,37701.88
45,male,23.6,2,no,northeast,8603.82
24,female,23.2,0,no,southeast,25081.77
34,male,34.2,0,no,southeast,3935.18
22,female,20.2,0,no,northwest,2527.82
56,female,28.3,0,no,northeast,11657.72
21,female,16.8,1,no,northeast,3167.46
38,male,29.3,2,no,northwest,6457.84
57,female,24.0,1,no,southeast,22192.44
36,male,30.9,1,no,northwest,5373.36
51,female,37.7,1,no,southeast,9877.61
32,female,23.7,1,no,southeast,17626.24
19,female,21.7,0,yes,southwest,13844.51
59,female,27.5,0,no,southwest,12233.83
51,male,39.7,1,no,southwest,9391.35
60,male,32.8,0,yes,southwest,52590.83
25,female,34.0,1,no,southeast,3227.12
61,male,43.4,0,no,southwest,12574.05
40,female,27.4,1,no,southwest,6496.89
41,female,33.0,0,no,northwest,6571.02
53,female,26.6,0,no,northwest,10355.64
38,male,37.1,1,no,northeast,6079.67
42,male,30.0,0,yes,southwest,22144.03
28,female,33.0,2,no,southeast,4349.46
49,male,36.9,0,no,southeast,8125.78
48,male,32.3,1,no,northwest,8765.25
18,male,35.2,1,no,southeast,1727.54
63,female,23.1,0,no,northeast,14451.84
45,male,22.9,2,yes,northwest,21098.55
61,male,33.9,0,no,northeast,13143.86
36,male,31.5,0,no,southwest,4402.23
61,male,33.5,0,no,northeast,13143.34
28,female,24.3,1,no,northeast,23288.93
55,male,29.9,0,no,southwest,10214.64
57,male,27.9,1,no,southeast,11554.22
43,male,23.2,0,no,southwest,6250.44
42,female,25.0,2,no,northwest,8017.06
54,female,27.6,1,no,northwest,11305.93
51,male,24.4,4,no,northwest,11520.1
53,female,22.6,3,yes,northeast,24873.38
50,female,46.1,1,no,southeast,9549.57
18,female,40.3,0,no,northeast,2217.6
27,female,31.3,1,no,northwest,3956.07
18,female,26.3,0,no,northeast,2198.19
23,male,41.9,0,no,southeast,1837.28
39,female,41.8,0,no,southeast,5662.23
38,female,19.5,2,no,northwest,6933.24
46,female,20.0,2,no,northwest,9193.84
57,male,40.4,0,no,southeast,10982.5
36,male,28.6,3,no,northwest,6548.2
36,male,33.4,2,yes,southwest,38415.47
34,female,37.3,2,no,northwest,5989.52
58,male,34.9,0,no,northeast,11944.59
26,male,31.1,0,no,northwest,2699.57
45,male,36.5,2,yes,northwest,42760.5
36,male,28.0,1,yes,northeast,20773.63
35,female,26.1,0,no,northeast,5227.99
44,female,36.5,0,no,northeast,12797.21
19,female,39.6,1,no,northwest,2730.11
18,female,29.2,0,no,northeast,7323.73
31,female,31.1,0,no,northeast,4347.02
35,female,43.3,2,no,southeast,5846.92
28,female,25.8,0,no,southwest,3161.45
45,female,31.8,0,no,southeast,17929.3
53,male,28.9,0,no,northwest,9869.81
24,male,26.8,1,no,northwest,12609.89
22,male,52.6,1,yes,southeast,44501.4
64,male,37.9,0,no,northwest,14210.54
40,female,23.4,3,no,northeast,8252.28
42,male,26.1,1,yes,southeast,38245.59
45,female,27.6,1,no,northwest,28340.19
43,female,34.4,3,no,southwest,8522.0
24,female,29.9,0,no,northwest,2850.68
58,female,28.2,0,no,northwest,12224.35
36,female,19.9,0,no,northeast,5458.05
46,male,30.5,3,yes,northwest,40720.55
55,female,37.1,0,no,southwest,10713.64
20,female,33.0,0,no,southeast,1880.07
41,female,37.1,2,no,southwest,7371.77
19,female,32.5,0,yes,northwest,36898.73
57,male,42.1,1,yes,southeast,48675.52
24,female,27.7,0,no,southeast,2464.62
56,female,25.3,0,no,southwest,11070.54
40,male,25.0,2,no,southeast,6593.51
58,female,33.1,0,no,southwest,11848.14
18,female,38.2,0,no,southeast,1631.67
35,female,31.0,1,no,southwest,5240.77
60,female,27.6,0,no,northeast,13217.09
46,female,28.9,2,no,southwest,8823.28
28,male,31.7,0,yes,southeast,34672.15
50,male,31.8,0,yes,northeast,41097.16
19,male,27.8,0,no,northwest,1635.73
22,female,28.8,0,no,southeast,2156.75
26,female,28.8,0,no,northeast,3385.4
40,female,28.7,3,no,northwest,8059.68
35,female,34.2,1,no,southeast,5245.23
28,male,38.1,0,no,southeast,2689.5
32,female,28.9,0,no,southeast,3972.92
22,female,23.2,0,no,northeast,2731.91
47,female,24.1,1,no,southwest,26236.58
40,female,28.1,1,yes,northeast,22331.57
26,female,17.2,2,yes,northeast,14455.64
32,female,37.1,3,no,northeast,6334.34
45,female,25.7,3,no,southwest,9101.8
31,male,26.9,1,no,northeast,4441.21
51,male,36.0,1,no,southeast,9386.16
49,female,33.3,2,no,northeast,10370.91
18,female,30.3,0,no,northeast,2203.74
57,male,33.6,1,no,northwest,11945.13
23,male,23.8,0,no,northeast,2395.17
45,male,28.7,2,no,southwest,8027.97
25,male,25.7,0,no,southeast,2137.65
42,male,35.8,2,no,southwest,7160.09
36,male,34.4,0,yes,southeast,37742.58
47,male,38.9,2,yes,southeast,44202.65
49,female,30.8,1,no,northeast,9778.35
51,male,42.9,2,yes,southeast,47462.89
30,female,21.9,1,no,northeast,4718.2
25,male,27.6,0,no,northwest,2523.17
43,male,25.5,5,no,southeast,14478.33
29,female,20.2,2,no,northwest,4906.41
19,female,28.3,0,yes,southwest,17081.08
24,female,24.2,0,no,northwest,2842.76
62,female,36.9,1,no,northeast,31620.0
25,male,29.7,3,yes,southwest,19933.46
27,female,34.8,1,no,southwest,3578.0
22,male,34.8,3,no,southwest,3443.06
62,female,32.7,0,no,northwest,13844.8
20,female,31.5,0,no,southeast,1877.93
33,male,35.2,0,no,northeast,12404.88
47,male,19.6,1,no,northwest,8428.07
52,female,24.9,0,no,southeast,27117.99
59,female,36.5,1,no,southeast,28287.9
57,male,40.3,0,no,northeast,20709.02
23,male,17.4,1,no,northwest,2775.19
33,female,39.8,1,no,southeast,4795.66
41,female,31.0,0,no,southeast,6185.32
18,female,24.1,1,no,southeast,2201.1
62,female,39.2,0,no,southeast,13470.8
43,female,20.0,2,yes,northeast,19798.05
18,male,30.0,1,no,southeast,1720.35
21,male,29.0,0,no,northwest,1906.36
59,male,24.7,0,no,northeast,12323.94
50,female,28.2,3,no,southeast,10702.64
54,male,32.8,0,no,northeast,10435.07
20,female,33.3,0,no,southwest,1880.49
25,male,25.8,1,no,northeast,3309.79
61,male,36.1,3,no,southwest,27941.29
46,female,30.8,3,no,southwest,9414.92
18,male,39.1,0,no,northeast,12890.06
29,male,32.1,2,no,northwest,4433.92
18,male,23.2,0,no,southeast,1121.87
56,male,40.3,0,no,southwest,10602.39
47,male,25.5,2,no,northeast,9225.26
33,female,18.5,1,no,southwest,4766.02
50,female,33.7,4,no,southwest,11299.34
18,male,38.2,0,yes,southeast,36307.8
46,male,19.9,0,no,northwest,7526.71
41,female,33.2,3,no,northeast,8538.29
62,female,33.0,3,no,northwest,15612.19
40,male,34.1,1,no,northeast,6600.21
29,male,33.3,2,no,northwest,19442.35
38,female,30.2,3,no,northwest,7537.16
34,female,27.7,0,no,southeast,4415.16
37,female,25.6,1,yes,northeast,20296.86
51,male,33.3,3,no,southeast,10560.49
51,female,39.5,1,no,southwest,9880.07
30,female,39.1,3,yes,southeast,40932.43
47,male,36.2,1,no,southwest,8068.19
61,female,25.1,0,no,southeast,24513.09
63,female,36.9,0,no,southeast,13887.97
29,female,24.6,2,no,southwest,4529.48
20,female,24.4,0,yes,southeast,26125.67
44,female,24.0,2,no,southeast,8211.1
37,male,24.3,2,no,northwest,6198.75
33,male,27.5,2,no,northwest,5261.47
19,female,20.6,0,no,southwest,1731.68
36,female,25.8,0,no,northwest,5266.37
59,female,34.8,2,no,southwest,36910.61
47,female,36.6,1,yes,southeast,42969.85
34,male,42.1,2,no,southeast,5124.19
23,male,37.1,3,no,southwest,3597.6
61,female,22.0,0,no,northeast,13616.36
43,male,27.8,0,yes,southwest,37829.72
36,male,41.9,3,yes,northeast,43753.34
41,male,23.9,1,no,northeast,6858.48
25,male,24.1,0,yes,northwest,15817.99
22,female,21.3,3,no,northwest,4296.27
62,female,39.2,0,no,southwest,13470.86
51,male,24.8,2,yes,northwest,23967.38
53,female,23.8,2,no,northeast,11729.68
24,male,28.5,0,yes,northeast,35147.53
55,female,32.4,1,no,northeast,11879.1
53,male,41.5,0,no,southeast,9504.31
18,female,36.9,0,yes,southeast,36149.48
48,male,31.4,1,no,northeast,8964.06
18,female,33.9,0,no,southeast,11482.63
54,male,25.5,1,no,northeast,25517.11
19,female,30.6,2,no,northwest,24059.68
23,male,32.7,3,no,southwest,3591.48
43,male,38.1,2,yes,southeast,42560.43
26,female,42.4,1,no,southwest,3410.32
49,female,42.7,2,no,southeast,9800.89
18,male,34.1,0,no,southeast,1137.01
59,female,26.5,0,no,northeast,12815.44
50,male,27.5,1,no,northeast,9617.66
18,male,33.3,0,no,southeast,1135.94
28,male,35.4,0,no,northeast,3268.85
64,female,39.1,3,no,southeast,16085.13
18,female,38.3,0,no,southeast,1631.82
41,female,36.1,1,no,southeast,6781.35
61,male,23.7,0,no,northeast,13129.6
55,male,32.7,1,no,southeast,10807.49
18,male,31.7,2,yes,southeast,34303.17
18,female,20.8,0,no,southeast,1607.51
28,female,27.5,2,no,southwest,20177.67
31,male,28.5,5,no,northeast,6799.46
19,female,40.5,0,no,southwest,1759.34
49,female,41.5,4,no,southeast,10977.21
41,female,32.2,1,no,southwest,6775.96
19,female,22.5,0,no,northwest,2117.34
22,male,37.6,1,yes,southeast,37165.16
26,female,29.9,2,no,southeast,3981.98
18,male,27.4,1,yes,northeast,17178.68
19,male,28.4,1,no,southwest,1842.52
19,female,36.6,0,no,northwest,2136.88
58,male,32.0,1,no,southeast,11946.63
21,male,31.1,0,no,southwest,1526.31
43,male,26.0,0,no,northeast,6837.37
25,female,24.3,3,no,southwest,4391.65
50,female,30.1,1,no,northwest,9910.36
18,female,35.6,0,no,northeast,2211.13
30,male,44.2,2,no,southeast,4266.17
27,female,23.2,1,no,southeast,3561.89
53,female,39.6,1,no,southeast,10579.71
48,male,36.7,1,no,northwest,28468.92
19,female,18.6,0,no,southwest,1728.9
61,female,28.2,0,no,southwest,13041.92
19,female,30.0,0,yes,northwest,33307.55
52,female,38.4,2,no,northeast,11396.9
63,male,39.8,3,no,southwest,15170.07
50,male,26.4,0,no,northwest,8827.21
39,male,26.2,1,no,northwest,6123.57
44,male,27.4,2,no,southwest,7726.85
19,male,17.5,0,no,northwest,1621.34
43,male,36.0,3,yes,southeast,42124.52
35,male,38.6,1,no,southwest,4762.33
63,female,32.2,2,yes,southwest,47305.31
33,male,35.8,2,no,southeast,4890.0
31,female,29.1,0,no,southwest,3761.29
44,female,27.6,0,no,northwest,7421.19
22,female,28.1,0,no,southeast,2155.68
19,male,20.4,0,no,northwest,1625.43
19,male,30.3,0,yes,southeast,32548.34
26,male,17.7,0,no,northwest,2680.95
33,female,42.9,3,no,northwest,6360.99
27,female,24.1,0,no,southwest,2974.13
19,female,25.7,1,no,northwest,2710.83
19,female,31.8,1,no,northwest,2719.28
45,male,21.4,0,no,northwest,7222.79
31,female,32.8,2,no,northwest,5327.4
52,male,34.1,0,no,southeast,9140.95
64,male,34.5,0,no,southwest,13822.8
24,male,31.1,0,yes,northeast,34254.05
52,male,34.5,3,yes,northwest,60021.4
22,female,30.4,0,yes,northwest,33907.55
55,female,26.8,1,no,southwest,35160.13
59,female,32.4,3,no,northeast,14590.63
28,male,22.5,2,no,northeast,4428.89
58,male,36.1,0,no,southeast,11363.28
29,male,27.9,0,no,southeast,2867.12
37,male,22.7,3,no,northeast,6985.51
57,male,18.3,0,no,northeast,11534.87
27,male,31.1,1,yes,southeast,34806.47
33,male,33.4,5,no,southeast,6653.79
50,female,28.1,3,no,northwest,11085.59
29,female,21.8,1,yes,northeast,16657.72
21,female,35.7,0,no,northwest,2404.73
48,male,40.2,0,no,southeast,7804.16
43,male,35.3,2,no,southeast,18806.15
27,male,30.5,0,no,southwest,2494.02
24,female,22.6,0,no,southwest,2457.5
28,female,26.5,2,no,southeast,4340.44
20,male,30.7,0,yes,northeast,33475.82
50,female,27.4,0,no,northeast,25656.58
28,male,37.1,1,no,southwest,3277.16
39,female,31.9,2,no,northwest,7209.49
47,female,26.6,2,no,northeast,9715.84
48,female,32.2,1,no,southeast,8871.15
19,male,37.0,0,yes,northwest,36219.41
41,male,30.8,3,yes,northeast,39597.41
20,female,29.0,0,no,northwest,2257.48
30,female,23.7,3,yes,northwest,18765.88
61,male,31.6,0,no,southeast,12557.61
27,female,21.5,0,no,northwest,3353.47
19,male,20.7,0,no,southwest,1242.82
48,female,33.3,0,no,southeast,8283.68
48,female,27.3,1,no,northeast,9447.25
44,female,25.8,1,no,southwest,7624.63
43,female,25.1,0,no,northeast,7325.05
29,male,37.3,2,no,southeast,4058.12
19,female,24.6,1,no,northwest,2709.24
25,female,22.5,1,no,northwest,3594.17
44,female,25.0,1,no,southwest,7623.52
33,female,36.3,3,no,northeast,6551.75
24,female,26.6,0,no,northeast,3046.06
24,male,29.3,0,no,southwest,1977.82
62,male,30.0,0,no,northwest,13352.1
23,male,18.7,0,no,northwest,21595.38
57,male,23.7,0,no,southwest,10959.33
18,female,25.1,0,no,northeast,2196.47
19,male,44.9,0,yes,southeast,39722.75
39,male,34.1,2,no,southeast,23563.02
27,female,30.4,3,no,northwest,18804.75
45,male,24.3,5,no,southeast,9788.87
31,male,29.8,0,yes,southeast,19350.37
31,female,36.6,2,no,southeast,4949.76
47,male,36.1,1,yes,southeast,42211.14
49,male,37.5,2,no,southeast,9304.7
44,male,31.4,1,yes,northeast,39556.49
34,male,27.8,1,yes,northwest,20009.63
38,female,30.7,1,no,southeast,5976.83
30,female,20.0,3,no,northwest,5693.43
59,male,29.7,2,no,southeast,12925.89
35,male,27.1,1,no,southwest,4746.34
50,female,27.8,3,no,southeast,19749.38
50,male,32.1,2,no,northeast,25333.33
62,female,33.2,0,no,southwest,13462.52
34,male,25.3,2,yes,southeast,18972.5
49,female,21.3,1,no,southwest,9182.17
42,male,36.0,2,no,southeast,7160.33
44,male,38.1,1,no,southeast,7152.67
42,male,34.1,0,no,southwest,5979.73
24,male,23.7,0,no,northwest,2352.97
36,female,26.9,0,no,northwest,5267.82
23,male,26.5,0,no,southeast,1815.88
20,female,31.9,0,no,northwest,2261.57
18,female,32.1,2,no,southeast,2801.26
35,male,34.8,2,no,northwest,5729.01
62,male,32.0,0,yes,northeast,45710.21
33,female,33.5,0,yes,southwest,37079.37
19,male,31.9,0,yes,northwest,33750.29
27,male,32.6,3,no,northeast,4846.92
33,male,29.4,4,no,southwest,6059.17
56,male,25.9,0,no,northeast,11165.42
46,female,35.5,0,yes,northeast,42111.66
19,male,34.1,0,no,southwest,1261.44
34,female,29.3,3,no,southeast,6184.3
55,female,30.1,2,no,southeast,11881.97
38,male,28.0,1,no,northeast,6067.13
53,female,37.4,1,no,northwest,10959.69
29,male,29.6,1,no,northeast,20277.81
46,female,30.2,2,no,southwest,8825.09
27,female,18.0,2,yes,northeast,15006.58
36,female,29.9,1,no,southeast,5478.04
19,male,25.2,0,no,northwest,1632.04
59,male,37.4,0,no,southwest,21797.0
45,female,35.8,0,no,northwest,7731.86
64,female,31.3,2,yes,southwest,47291.06
48,female,32.3,2,no,northeast,10043.25
48,male,30.2,2,no,southwest,8968.33
47,female,23.6,1,no,southwest,8539.67
30,male,35.5,0,yes,southeast,36950.26
51,female,21.6,1,no,southeast,9855.13
19,female,37.4,0,no,northwest,2138.07
58,female,33.4,0,no,northwest,12231.61
30,male,37.8,2,yes,southwest,39241.44
35,male,24.1,1,no,northwest,5125.22
20,male,29.7,0,no,northwest,1769.53
33,female,28.3,1,no,southeast,4779.6
31,female,23.6,2,no,southwest,4931.65
20,female,21.8,0,yes,southwest,20167.34
48,male,34.3,3,no,southwest,9563.03
31,male,31.1,3,no,northwest,5425.02
30,female,27.7,0,no,southwest,3554.2
53,female,32.3,2,no,northeast,29186.48
56,female,25.7,0,no,northwest,11454.02
62,female,30.5,2,no,northwest,15019.76
27,female,25.2,0,no,northeast,3558.62
46,male,25.7,3,no,northwest,9301.89
60,male,24.3,0,no,northwest,12523.6
60,female,36.0,0,no,northeast,13228.85
20,female,31.8,2,no,southeast,3056.39
28,female,34.8,0,no,northwest,3556.92
27,female,30.6,1,no,northeast,16796.41
36,male,29.7,0,no,southeast,4399.73
52,female,30.9,0,no,northeast,23045.57
43,female,26.9,0,yes,northwest,21774.32
60,male,24.3,1,no,northwest,13112.6
56,male,22.1,0,no,southwest,10577.09
54,male,21.0,2,no,southeast,11013.71
31,male,25.9,1,no,northwest,4239.89
48,female,41.2,4,no,northwest,11033.66
50,male,26.6,0,no,southwest,8444.47
36,male,28.9,3,no,northeast,6748.59
51,male,27.7,1,no,northeast,9957.72
52,female,18.3,0,no,northwest,9991.04
59,male,41.1,1,yes,southeast,48970.25
35,female,34.1,3,yes,northwest,39983.43
38,female,27.8,2,no,northeast,7144.86
37,female,23.4,2,no,northwest,6686.43
62,male,21.4,0,no,southwest,12957.12
24,female,33.3,0,no,northwest,2855.44
49,male,25.8,1,no,northeast,9282.48
18,male,23.3,1,no,southeast,1711.03
19,female,30.5,0,no,northwest,2128.43
64,female,26.9,0,yes,northwest,29330.98
50,female,23.5,2,no,southeast,10107.22
18,male,21.6,0,yes,northeast,13747.87
50,male,32.3,1,yes,northeast,41919.1
32,male,27.8,1,no,northwest,4454.4
18,male,25.2,0,yes,northeast,15518.18
18,female,40.3,0,no,southeast,1634.57
23,female,28.3,0,yes,northwest,18033.97
19,male,22.6,0,no,northwest,1628.47
34,female,38.0,3,no,southwest,6196.45
18,female,31.9,0,no,northeast,2205.98
38,male,28.3,1,no,southeast,5484.47
55,male,37.3,0,no,southwest,20630.28
57,male,29.0,0,yes,northeast,27218.44
53,female,28.1,3,no,southwest,11741.73
58,male,35.7,0,no,southwest,11362.76
34,female,26.4,1,no,northwest,5385.34
25,female,32.2,1,no,southeast,18218.16
64,female,33.0,0,no,northwest,14692.67
46,male,24.8,3,no,northeast,9500.57
40,male,41.7,0,no,southeast,5438.75
41,male,34.2,1,no,southeast,6289.75
49,female,36.6,3,no,southeast,10381.48
64,male,23.8,0,yes,southeast,26926.51
56,female,28.6,0,no,northeast,11658.12
50,female,27.6,1,yes,southwest,24520.26
21,female,39.5,0,no,southeast,2026.97
53,male,36.1,1,no,southwest,10085.85
18,male,43.0,0,no,southeast,1149.4
38,female,28.9,1,no,southeast,5974.38
32,male,33.6,1,yes,northeast,37607.53
57,female,30.5,0,no,northwest,11840.78
50,male,34.2,2,yes,southwest,42856.84
18,male,23.8,0,no,northeast,1705.62
54,male,30.2,0,no,northwest,10231.5
36,male,34.4,2,no,southeast,5584.31
31,male,39.5,1,no,southeast,3875.73
56,female,37.5,2,no,southeast,12265.51
51,female,20.6,0,no,southwest,9264.8
46,female,27.7,0,no,northwest,8026.67
40,male,32.3,2,no,northwest,6986.7
58,male,37.0,2,yes,northwest,47496.49
18,female,40.2,0,no,northeast,2217.47
58,female,39.1,0,no,southeast,11856.41
43,female,35.7,2,no,northeast,19144.58
39,female,18.3,5,yes,southwest,19023.26
39,female,23.9,5,no,southeast,8582.3
47,male,28.2,3,yes,northwest,24915.22
26,male,33.9,1,no,northwest,3292.53
57,female,22.2,0,no,northeast,12029.29
28,female,33.1,0,no,southeast,3171.61
34,female,30.2,1,yes,northwest,43943.88
34,female,33.3,1,no,northeast,5594.85
42,female,41.3,1,no,northeast,7650.77
47,male,47.5,1,no,southeast,8083.92
26,female,22.2,0,no,northwest,3176.29
34,female,33.7,1,no,southwest,5012.47
54,male,29.2,1,no,southwest,10436.1
25,female,34.5,0,no,northwest,3021.81
21,male,31.0,0,no,southeast,16586.5
35,male,27.6,1,no,southeast,4747.05
44,female,32.3,1,no,southeast,7633.72
40,male,25.1,0,no,southeast,5415.66
20,female,29.6,0,no,southwest,1875.34
38,male,20.0,1,no,northwest,5855.9
18,male,33.8,1,no,southeast,1725.55
21,male,36.9,0,no,northwest,1917.32
23,female,32.8,2,yes,southeast,36021.01
38,male,16.8,2,no,northeast,6640.54
60,male,33.1,3,no,southeast,13919.82
19,male,33.1,0,no,southwest,23082.96
43,male,30.1,1,no,southwest,6849.03
33,female,26.7,0,no,northwest,4571.41
28,female,37.6,1,no,southeast,3766.88
22,male,37.1,2,yes,southeast,37484.45
20,male,28.0,1,yes,northwest,17560.38
21,male,25.7,4,yes,southwest,17942.11
59,female,26.7,3,no,northwest,14382.71
46,male,43.9,3,no,southeast,8944.12
27,female,32.4,1,no,northeast,18903.49
54,male,34.2,2,yes,southeast,44260.75
36,female,22.1,3,no,northeast,7228.22
63,female,27.7,0,yes,northeast,29523.17
34,female,26.7,1,no,southeast,5002.78
62,male,39.9,0,no,southeast,12982.87
30,female,33.3,1,no,southeast,4151.03
34,male,21.4,0,no,northeast,4500.34
42,female,25.3,1,no,southwest,7045.5
25,male,45.5,2,yes,southeast,42112.24
43,male,30.1,3,no,northwest,8410.05
25,female,30.2,0,yes,southwest,33900.65
36,female,30.0,0,no,northwest,5272.18
20,female,26.8,1,yes,southeast,17085.27
55,female,30.5,0,no,southwest,10704.47
26,female,29.4,2,no,northeast,4564.19
48,female,27.4,1,no,northeast,9447.38
52,male,30.2,1,no,southwest,9724.53
56,female,41.9,0,no,southeast,11093.62
64,female,23.0,0,yes,southeast,27037.91
33,female,24.3,0,no,southeast,4185.1
52,male,32.8,3,no,northwest,11289.11
35,female,28.0,0,yes,northwest,20234.85
56,female,28.8,0,no,northeast,11658.38
47,female,29.5,1,no,northwest,8930.93
31,female,26.6,0,no,southeast,3757.84
56,female,32.3,3,no,northeast,13430.27
25,male,26.7,4,no,northwest,4877.98
46,male,38.2,2,no,southeast,8347.16
18,female,37.3,1,no,southeast,2219.45
57,female,34.3,2,no,northeast,13224.06
29,female,26.0,0,no,northwest,3736.46
38,female,20.0,2,no,northeast,7133.9
33,male,24.6,2,no,northwest,5257.51
27,female,31.4,0,yes,southwest,34838.87
54,female,47.4,0,yes,southeast,63770.43
27,male,33.7,0,no,southeast,2498.41
20,male,39.4,2,yes,southwest,38344.57
24,female,27.6,0,no,southwest,18955.22
28,female,28.9,1,no,northeast,4337.74
42,male,24.6,2,yes,northeast,21259.38
51,male,31.6,0,no,northwest,9174.14
18,male,30.1,0,no,southeast,1131.51
21,male,26.0,0,no,northeast,2102.26
36,male,33.8,1,no,northwest,5377.46
24,male,29.8,0,yes,northeast,18648.42
62,male,31.5,1,no,southeast,27000.98
41,male,33.6,0,no,southeast,5699.84
18,female,42.2,0,yes,southeast,38792.69
56,male,26.7,1,yes,northwest,26109.33
22,male,32.1,0,no,northwest,2055.32
41,female,28.1,1,no,southeast,6770.19
58,female,31.8,2,no,northeast,13607.37
48,female,27.9,4,no,northwest,11015.17
21,male,25.7,2,no,northeast,3279.87
51,male,30.0,1,no,southeast,9377.9
50,male,31.0,3,no,northwest,10600.55
43,female,25.3,1,yes,northeast,21771.34
53,male,31.2,1,no,northwest,10461.98
43,male,35.0,1,yes,northeast,41034.22
57,female,25.7,2,no,southeast,12629.17
42,male,26.9,0,no,southwest,5969.72
57,female,28.7,0,no,southwest,11455.28
45,female,25.2,2,no,northeast,9095.07
22,female,27.1,0,no,southwest,2154.36
61,male,36.3,1,yes,southwest,47403.88
55,female,25.4,3,no,northeast,13047.33
18,male,53.1,0,no,southeast,1163.46
50,female,25.6,0,no,southwest,8932.08
22,female,24.3,0,no,southwest,2150.47
45,male,30.4,0,yes,southeast,62592.87
34,male,25.3,1,no,northwest,4894.75
39,male,42.7,0,no,northeast,5757.41
26,male,32.9,2,yes,southwest,36085.22
25,male,25.0,2,no,northeast,23241.47
64,female,39.3,0,no,northeast,14901.52
39,female,23.3,3,no,northeast,7986.48
29,female,25.9,0,no,southwest,3353.28
25,female,28.6,0,no,northeast,3213.62
56,male,31.8,2,yes,southeast,43813.87
22,female,30.4,0,no,northeast,2741.95
64,male,33.9,0,yes,southeast,46889.26
29,female,27.9,1,yes,southeast,19107.78
37,male,34.1,4,yes,southwest,40182.25
23,female,28.1,0,no,northwest,2690.11
31,female,30.5,3,no,northeast,6113.23
41,male,29.6,5,no,northeast,9222.4
26,male,27.3,3,no,northeast,4661.29
52,female,31.7,2,no,northwest,11187.66
18,male,23.0,0,no,northeast,1704.57
42,female,40.4,2,yes,southeast,43896.38
44,female,43.9,2,yes,southeast,46200.99
30,female,28.4,1,yes,southeast,19521.97
55,male,27.6,0,no,northwest,10594.5
47,male,29.8,3,yes,southwest,25309.49
22,female,39.8,0,no,northeast,2755.02
24,male,33.6,4,no,northeast,17128.43
53,male,34.1,0,yes,northeast,43254.42
33,male,35.8,1,yes,southeast,38282.75
54,male,30.0,0,no,northwest,24476.48
63,female,26.2,0,no,northwest,14256.19
40,female,22.2,2,yes,southeast,19444.27
26,male,20.8,0,no,southwest,2302.3
47,female,29.4,1,no,southeast,8547.69
41,male,40.3,0,no,southeast,5709.16
24,female,39.5,0,no,southeast,2480.98
40,female,36.2,0,no,southeast,5920.1
21,female,21.9,1,yes,northeast,15359.1
54,male,30.8,1,yes,southeast,41999.52
35,male,24.4,3,yes,southeast,19362.0
31,female,29.3,1,no,southeast,4350.51
29,male,34.4,0,yes,southwest,36197.7
53,male,36.6,3,no,southwest,11264.54
36,female,25.9,1,no,southwest,5472.45
64,male,37.0,2,yes,southeast,49577.66
39,female,26.3,2,no,northwest,7201.7
64,male,38.2,0,no,northeast,14410.93
57,female,31.2,0,yes,northwest,43578.94
47,female,33.3,0,no,northeast,20878.78
19,female,24.5,1,no,northwest,2709.11
21,female,21.9,2,no,southeast,3180.51
28,male,23.8,2,no,southwest,3847.67
40,male,29.9,2,no,southwest,6600.36
44,female,20.2,1,yes,northeast,19594.81
27,male,45.9,2,no,southwest,3693.43
33,male,30.3,0,no,southeast,3704.35
19,male,25.6,1,no,northwest,2221.56
26,female,40.2,0,no,northwest,3201.25
45,male,20.4,3,no,southeast,8605.36
45,male,22.9,0,yes,northeast,35069.37
57,female,28.8,4,no,northeast,14394.4
62,male,30.9,3,yes,northwest,46718.16
23,female,28.0,0,no,southwest,13126.68
24,male,32.7,0,yes,southwest,34472.84
63,male,33.7,3,no,southeast,15161.53
52,male,38.6,2,no,southwest,10325.21
57,female,38.0,2,no,southwest,12646.21
25,male,33.3,2,yes,southeast,36124.57
52,female,46.8,5,no,southeast,12592.53
63,female,37.7,0,yes,southwest,48824.45
21,female,32.7,2,no,northwest,26018.95
27,male,28.5,0,yes,northwest,18310.74
32,male,46.5,2,no,southeast,4686.39
18,female,31.4,4,no,northeast,4561.19
19,male,26.0,1,yes,northwest,16450.89
27,female,24.8,0,yes,southeast,16577.78
49,female,23.2,2,no,northwest,10156.78
39,female,24.2,5,no,northwest,8965.8
54,male,24.0,0,no,northeast,10422.92
27,male,29.2,0,yes,southeast,18246.5
29,male,27.2,0,no,southwest,2866.09
58,female,29.0,0,no,southwest,11842.44
23,female,24.2,2,no,northeast,22395.74
55,female,35.2,0,yes,southeast,44423.8
31,male,28.6,1,no,northwest,4243.59
19,female,28.4,1,no,southwest,2331.52
24,male,35.9,0,no,southeast,1986.93
41,male,35.8,1,yes,southeast,40273.65
44,male,39.5,0,no,northwest,6948.7
20,male,40.5,0,no,northeast,1984.45
32,female,44.2,0,no,southeast,3994.18
29,male,22.5,3,no,northeast,5209.58
26,male,29.5,0,no,northeast,2897.32
60,male,37.0,0,no,northeast,12741.17
26,male,35.4,0,no,southeast,2322.62
64,male,26.4,0,no,northeast,14394.56
40,male,30.9,4,no,northwest,8162.72
59,male,37.1,1,no,southwest,12347.17
30,female,43.1,2,no,southeast,4753.64
41,male,30.6,2,no,northwest,7256.72
30,male,24.1,1,no,northwest,4032.24
25,male,35.6,0,no,northwest,2534.39
54,female,31.2,0,no,southeast,10338.93
27,male,26.0,0,no,northeast,3070.81
37,female,17.3,2,no,northeast,6877.98
48,female,25.9,3,yes,southeast,24180.93
19,female,24.7,0,no,southwest,1737.38
61,female,44.0,0,no,southwest,13063.88
59,male,29.8,3,yes,northeast,30184.94
62,male,26.7,0,yes,northeast,28101.33
32,male,35.2,2,no,southwest,4670.64
22,female,34.6,2,no,northeast,3925.76
23,female,28.5,1,yes,southeast,18328.24
51,female,18.1,0,no,northwest,9644.25
52,female,44.7,3,no,southwest,11411.69
50,female,31.6,2,no,southwest,10118.42
50,male,32.2,0,no,northwest,8835.26
56,male,33.7,0,no,northwest,10976.25
27,female,36.1,0,yes,southeast,37133.9
59,female,36.8,1,yes,northeast,47896.79
59,male,31.8,2,no,southeast,12928.79
53,female,36.9,3,yes,northwest,46661.44
32,male,37.3,1,no,northeast,4667.61
59,male,27.5,1,no,southwest,12333.83
52,female,24.1,1,yes,northwest,23887.66
37,male,30.9,3,no,northwest,6796.86
39,female,22.8,3,no,northeast,7985.82
38,female,40.6,1,no,northwest,6373.56
41,male,21.8,1,no,southeast,6272.48
57,female,31.8,0,no,northwest,11842.62
60,male,28.9,0,no,southwest,12146.97
36,female,29.0,4,no,southeast,7243.81
21,male,35.5,0,no,southeast,1532.47
36,male,35.2,1,yes,southeast,38709.18
18,male,28.5,0,no,northeast,1712.23
19,female,17.8,0,no,southwest,1727.79
25,female,41.3,0,no,northeast,17878.9
35,male,27.7,2,yes,northeast,20984.09
52,female,33.3,2,no,southwest,10806.84
43,male,32.6,2,no,southwest,7441.5
33,male,24.8,0,yes,northeast,17904.53
24,male,32.0,0,no,southeast,1981.58
19,female,32.9,0,no,southwest,1748.77
18,male,29.4,1,no,southeast,1719.44
25,female,30.3,0,no,southwest,2632.99
39,male,26.4,0,yes,northeast,20149.32
28,male,33.8,0,no,northwest,19673.34
39,female,32.8,0,no,southwest,5649.72
54,female,21.5,3,no,northwest,12475.35
18,male,23.1,0,no,northeast,1704.7
45,male,30.2,1,no,southwest,7441.05
37,male,28.0,2,no,northwest,6203.9
35,male,17.9,1,no,northwest,5116.5
53,female,38.1,3,no,southeast,20463.0
25,female,42.1,1,no,southeast,3238.44
48,male,40.6,2,yes,northwest,45702.02
64,male,25.6,2,no,southwest,14988.43
31,female,38.1,1,yes,northeast,58571.07
19,male,24.6,1,no,southwest,1837.24
24,male,40.2,0,yes,southeast,38126.25
59,male,25.5,1,no,northeast,12913.99
32,female,29.8,2,no,southwest,5152.13
59,female,23.7,0,yes,northwest,25678.78
19,female,35.2,0,no,northwest,2134.9
34,female,23.6,0,no,northeast,4992.38
